embedding,ARI_vs_Phase,silhouette
PCA first 5 components,-0.0024606863327978922,0.32911669234331054
